"variable","Freq","Mean_imp","Median_imp","se","MP_ID","gtdb_sp_name","ncbi_sp_name","dataset","Time"
"Abx.group",0.01,0.00883333333333333,0.00883333333333333,NA,NA,NA,NA,"Cytokines","Screening"
"BCA.1_Screening",0.02,0.0373833333333334,0.0373833333333334,0.00350333333333337,NA,NA,NA,"Cytokines","Screening"
"BMI",0.04,0.0419966666666667,0.0344616666666667,0.0106229244595862,NA,NA,NA,"Cytokines","Screening"
"CTACK_Screening",0.01,0.0187333333333333,0.0187333333333333,NA,NA,NA,NA,"Cytokines","Screening"
"EGF_Screening",0.07,0.0281733333333334,0.0333266666666667,0.00519165391473377,NA,NA,NA,"Cytokines","Screening"
"ENA.78_Screening",0.14,0.0498757142857142,0.0484833333333334,0.00646986069140021,NA,NA,NA,"Cytokines","Screening"
"Eotaxin.2_Screening",0.06,0.0321538888888889,0.0310866666666667,0.00258596445460758,NA,NA,NA,"Cytokines","Screening"
"I.309_Screening",0.01,0.0232766666666666,0.0232766666666666,NA,NA,NA,NA,"Cytokines","Screening"
"IL.17E.IL.25_Screening",0.39,0.0498666666666666,0.0421200000000001,0.00393736570030898,NA,NA,NA,"Cytokines","Screening"
"IL.1b_Screening",0.01,0.00246666666666667,0.00246666666666667,NA,NA,NA,NA,"Cytokines","Screening"
"IL.27_Screening",0.49,0.0581091836734693,0.0549233333333333,0.0034788469784427,NA,NA,NA,"Cytokines","Screening"
"IL.33_Screening",0.01,0.0183966666666667,0.0183966666666667,NA,NA,NA,NA,"Cytokines","Screening"
"IL.8_Screening",0.03,0.00830111111111111,0.00739666666666667,0.00138459291160406,NA,NA,NA,"Cytokines","Screening"
"IP.10_Screening",0.08,0.0350683333333333,0.0269416666666667,0.0077825468400428,NA,NA,NA,"Cytokines","Screening"
"LIF_Screening",0.01,0.0119233333333333,0.0119233333333333,NA,NA,NA,NA,"Cytokines","Screening"
"MCP.1_Screening",0.02,0.0736383333333332,0.0736383333333332,0.0268883333333331,NA,NA,NA,"Cytokines","Screening"
"MCP.4_Screening",0.01,0.0390733333333334,0.0390733333333334,NA,NA,NA,NA,"Cytokines","Screening"
"MDC_Screening",0.03,0.0687788888888889,0.0563,0.0311170264416108,NA,NA,NA,"Cytokines","Screening"
"MIG.CXCL9_Screening",0.32,0.053188125,0.0461583333333334,0.00473399178778413,NA,NA,NA,"Cytokines","Screening"
"MIP.1b_Screening",0.55,0.0503453939393939,0.04596,0.0028603489455776,NA,NA,NA,"Cytokines","Screening"
"MIP.1d_Screening",0.01,0.02855,0.02855,NA,NA,NA,NA,"Cytokines","Screening"
"PDGF.AB.BB_Screening",0.18,0.0601801851851851,0.0553833333333334,0.00641099368087318,NA,NA,NA,"Cytokines","Screening"
"SCF_Screening",0.02,0.0428266666666667,0.0428266666666667,0.00867333333333339,NA,NA,NA,"Cytokines","Screening"
"SDF.1a.b_Screening",0.33,0.0466649494949495,0.0429233333333334,0.00426896258392536,NA,NA,NA,"Cytokines","Screening"
"TARC_Screening",0.06,0.0296738888888889,0.0280416666666667,0.00302710501190271,NA,NA,NA,"Cytokines","Screening"
"TGFa_Screening",0.05,0.0123033333333333,0.00740333333333333,0.0046818366529007,NA,NA,NA,"Cytokines","Screening"
"TNFb_Screening",0.07,0.0123733333333333,0.0120033333333333,0.0021644261920289,NA,NA,NA,"Cytokines","Screening"
"TPO_Screening",0.03,0.0323833333333334,0.0302466666666667,0.00347918732528799,NA,NA,NA,"Cytokines","Screening"
"TRAIL_Screening",0.04,0.0228183333333333,0.0223316666666667,0.00586300809217325,NA,NA,NA,"Cytokines","Screening"
"TSLP_Screening",0.02,0.0151833333333333,0.0151833333333333,0.00561999999999998,NA,NA,NA,"Cytokines","Screening"
"X6CKine_Screening",0.04,0.030535,0.0293883333333333,0.00380483281863709,NA,NA,NA,"Cytokines","Screening"
"n_pretreatment_events",0.12,0.0188575,0.01433,0.0034093493490704,NA,NA,NA,"Cytokines","Screening"
"sCD40L_Screening",0.01,0.0282233333333333,0.0282233333333333,NA,NA,NA,NA,"Cytokines","Screening"
"total_abx_days_prescreen",0.12,0.0268938888888889,0.0239416666666666,0.00387798714739696,NA,NA,NA,"Cytokines","Screening"
"treat.day.len.abx",0.02,0.0507650000000001,0.0507650000000001,0.00663833333333332,NA,NA,NA,"Cytokines","Screening"
"Abx.group",0.01,0.0189,0.0189,NA,NA,NA,NA,"SCFA","Screening"
"Acetic.acid_Screening",0.04,0.0353333333333333,0.035495,0.00677698734006546,NA,NA,NA,"SCFA","Screening"
"Age",0.1,0.0515209047619047,0.05466,0.0051249428426656,NA,NA,NA,"SCFA","Screening"
"Butyric.acid_Screening",0.37,0.0674602574002574,0.0601866666666666,0.00592262399056697,NA,NA,NA,"SCFA","Screening"
"Hexanoic.acid_Screening",0.1,0.0482925714285714,0.0394552380952382,0.00925257832715701,NA,NA,NA,"SCFA","Screening"
"Isobutyric.acid_Screening",0.07,0.0259957142857143,0.0259066666666666,0.00291132987615115,NA,NA,NA,"SCFA","Screening"
"Isovaleric.acid_Screening",0.19,0.0414467418546366,0.03699,0.00304600882631866,NA,NA,NA,"SCFA","Screening"
"Propionic.acid_Screening",0.01,0.0627199999999999,0.0627199999999999,NA,NA,NA,NA,"SCFA","Screening"
"Valeric.acid_Screening",0.15,0.0282253333333333,0.0258233333333333,0.00179152703410208,NA,NA,NA,"SCFA","Screening"
"X2.Methylbutyric.acid_Screening",0.11,0.0311506060606061,0.0319614285714286,0.00272237585108028,NA,NA,NA,"SCFA","Screening"
"n_pretreatment_events",0.58,0.0629958620689656,0.0435133333333334,0.00714122132073978,NA,NA,NA,"SCFA","Screening"
"total_abx_days_prescreen",0.6,0.0956594444444445,0.0727849999999998,0.00789963715938778,NA,NA,NA,"SCFA","Screening"
"treat.day.len.abx",0.01,0.0303933333333333,0.0303933333333333,NA,NA,NA,NA,"SCFA","Screening"
"Abx.group",0.01,0.00282,0.00282,NA,NA,NA,NA,"BA","Screening"
"Age",0.05,0.0367564761904762,0.04061,0.00476208530514888,NA,NA,NA,"BA","Screening"
"Cholic.Acid_Screening",0.13,0.049315054945055,0.0404733333333333,0.00996681797786669,NA,NA,NA,"BA","Screening"
"Glycocholic.Acid_Screening",0.02,0.0487057142857143,0.0487057142857143,0.00731761904761901,NA,NA,NA,"BA","Screening"
"Glycodeoxycholic.Acid_Screening",0.03,0.0418144444444444,0.0321733333333333,0.0174556581438388,NA,NA,NA,"BA","Screening"
"Lithocholic.Acid_Screening",0.02,0.02727,0.02727,0.00143666666666667,NA,NA,NA,"BA","Screening"
"Taurochenodeoxycholic.Acid_Screening",0.2,0.0510632142857142,0.0402540476190477,0.00586669356358311,NA,NA,NA,"BA","Screening"
"Taurodeoxycholic.Acid_Screening",0.18,0.0498094973544973,0.0467483333333334,0.00623209656333181,NA,NA,NA,"BA","Screening"
"Taurolithocholic.Acid_Screening",0.02,0.007125,0.007125,0.001185,NA,NA,NA,"BA","Screening"
"Tauroursodeoxycholic.Acid_Screening",0.05,0.0319517142857143,0.03371,0.00217046112847112,NA,NA,NA,"BA","Screening"
"n_pretreatment_events",0.46,0.0668525672877847,0.0536969047619048,0.00710132640986831,NA,NA,NA,"BA","Screening"
"total_abx_days_prescreen",0.37,0.0846579922779923,0.0807799999999997,0.0084579402516183,NA,NA,NA,"BA","Screening"
"Abx.group",0.02,0.0255433333333333,0.0255433333333333,0.0107,NA,NA,NA,"Mic_Class","Screening"
"Age",0.4,0.0778610833333333,0.0644233333333333,0.00880129289533369,NA,NA,NA,"Mic_Class","Screening"
"BMI",0.01,0.113356666666666,0.113356666666666,NA,NA,NA,NA,"Mic_Class","Screening"
"Bacilli_Screening",0.04,0.0318891666666667,0.0287883333333333,0.00415034098889166,NA,NA,NA,"Mic_Class","Screening"
"Bacteroidia_Screening",0.09,0.0488703703703704,0.0435933333333334,0.00538527563414284,NA,NA,NA,"Mic_Class","Screening"
"Betaproteobacteria_Screening",0.04,0.0436458333333334,0.0485533333333334,0.00764319782006634,NA,NA,NA,"Mic_Class","Screening"
"Clostridia_Screening",0.5,0.0674626,0.0668349999999999,0.00390233202594623,NA,NA,NA,"Mic_Class","Screening"
"Erysipelotrichia_Screening",0.05,0.0497359999999999,0.0370166666666667,0.0102234539390777,NA,NA,NA,"Mic_Class","Screening"
"Fusobacteriia_Screening",0.01,0.01742,0.01742,NA,NA,NA,NA,"Mic_Class","Screening"
"Gammaproteobacteria_Screening",0.44,0.0577490909090909,0.0582916666666667,0.00292868289142895,NA,NA,NA,"Mic_Class","Screening"
"Negativicutes_Screening",0.03,0.0399266666666667,0.0482033333333335,0.00991627412855219,NA,NA,NA,"Mic_Class","Screening"
"Saccharomycetes_Screening",0.04,0.0305058333333333,0.0299166666666667,0.00432227335909483,NA,NA,NA,"Mic_Class","Screening"
"abx_screen_status",0.01,0.0669566666666666,0.0669566666666666,NA,NA,NA,NA,"Mic_Class","Screening"
"n_pretreatment_events",0.5,0.0686378666666667,0.0540450000000001,0.00848305426522532,NA,NA,NA,"Mic_Class","Screening"
"total_abx_days_prescreen",0.3,0.0627151111111111,0.0552616666666667,0.00833334220341803,NA,NA,NA,"Mic_Class","Screening"
"treat.day.len.abx",0.05,0.0455466666666666,0.0330166666666667,0.0107645143359507,NA,NA,NA,"Mic_Class","Screening"
"uncl_Class_of_Firmicutes_Screening",0.05,0.0242326666666667,0.0199033333333333,0.00517648898600416,NA,NA,NA,"Mic_Class","Screening"
"Abx.group",0.01,0.0385233333333334,0.0385233333333334,NA,NA,NA,NA,"Mic_Order","Screening"
"Acidaminococcales_Screening",0.06,0.0167211111111111,0.0151816666666667,0.00465289982592828,NA,NA,NA,"Mic_Order","Screening"
"Actinomycetales_Screening",0.01,0.0303066666666667,0.0303066666666667,NA,NA,NA,NA,"Mic_Order","Screening"
"Age",0.39,0.0714406837606838,0.06227,0.0062470809031706,NA,NA,NA,"Mic_Order","Screening"
"BMI",0.01,0.0793333333333332,0.0793333333333332,NA,NA,NA,NA,"Mic_Order","Screening"
"Bacteroidales_Screening",0.12,0.0405755555555556,0.0409416666666667,0.00411830438803978,NA,NA,NA,"Mic_Order","Screening"
"Burkholderiales_Screening",0.03,0.0296477777777778,0.0266,0.00982892072997081,NA,NA,NA,"Mic_Order","Screening"
"Clostridiales_Screening",0.48,0.0628200694444444,0.05831,0.00385492320603722,NA,NA,NA,"Mic_Order","Screening"
"Enterobacterales_Screening",0.42,0.0530905555555556,0.0545183333333334,0.002338955419016,NA,NA,NA,"Mic_Order","Screening"
"Erysipelotrichales_Screening",0.03,0.0535066666666667,0.0536966666666668,0.00222194359364347,NA,NA,NA,"Mic_Order","Screening"
"Micrococcales_Screening",0.01,0.112896666666666,0.112896666666666,NA,NA,NA,NA,"Mic_Order","Screening"
"Neisseriales_Screening",0.02,0.0116316666666667,0.0116316666666667,0.00906833333333332,NA,NA,NA,"Mic_Order","Screening"
"Pasteurellales_Screening",0.09,0.0251222222222222,0.0232933333333333,0.00425459918177153,NA,NA,NA,"Mic_Order","Screening"
"Saccharomycetales_Screening",0.03,0.0381188888888889,0.0361933333333333,0.00429602500739903,NA,NA,NA,"Mic_Order","Screening"
"Streptomycetales_Screening",0.01,0.03272,0.03272,NA,NA,NA,NA,"Mic_Order","Screening"
"Veillonellales_Screening",0.07,0.0439171428571429,0.03694,0.0067298253249253,NA,NA,NA,"Mic_Order","Screening"
"n_pretreatment_events",0.52,0.0573610897435897,0.0339433333333334,0.00750041762968912,NA,NA,NA,"Mic_Order","Screening"
"total_abx_days_prescreen",0.33,0.05995,0.0476533333333334,0.00772322328734113,NA,NA,NA,"Mic_Order","Screening"
"treat.day.len.abx",0.05,0.0499473333333334,0.0487366666666668,0.00535149443302209,NA,NA,NA,"Mic_Order","Screening"
"uncl_Order_of_Clostridia_Screening",0.07,0.0370104761904762,0.0302766666666667,0.00657404562565038,NA,NA,NA,"Mic_Order","Screening"
"uncl_Order_of_Firmicutes_Screening",0.04,0.0258216666666667,0.03022,0.00667787800350004,NA,NA,NA,"Mic_Order","Screening"
"Abx.group",0.02,0.014875,0.014875,0.00272166666666666,NA,NA,NA,"Mic_Genus","Screening"
"Actinomyces_Screening",0.01,0.0255333333333333,0.0255333333333333,NA,NA,NA,NA,"Mic_Genus","Screening"
"Age",0.28,0.0484147619047619,0.0438533333333334,0.0052147905508072,NA,NA,NA,"Mic_Genus","Screening"
"Anaerostipes_Screening",0.06,0.0197138888888889,0.014825,0.00682957796085944,NA,NA,NA,"Mic_Genus","Screening"
"Anaerotruncus_Screening",0.01,0.00803333333333334,0.00803333333333334,NA,NA,NA,NA,"Mic_Genus","Screening"
"BMI",0.01,0.01316,0.01316,NA,NA,NA,NA,"Mic_Genus","Screening"
"Bacteroides_Screening",0.04,0.0270525,0.0180916666666667,0.00906330742252437,NA,NA,NA,"Mic_Genus","Screening"
"Bifidobacterium_Screening",0.02,0.0556183333333334,0.0556183333333334,0.00962499999999994,NA,NA,NA,"Mic_Genus","Screening"
"Blautia_Screening",0.23,0.0387539130434783,0.0324333333333334,0.00371788921356077,NA,NA,NA,"Mic_Genus","Screening"
"Citrobacter_Screening",0.14,0.0312795238095238,0.03118,0.00331545115240347,NA,NA,NA,"Mic_Genus","Screening"
"Clostridium_Screening",0.11,0.0287951515151515,0.032,0.00301037939699732,NA,NA,NA,"Mic_Genus","Screening"
"Coprococcus_Screening",0.21,0.0176073015873016,0.0143533333333333,0.00230361087178952,NA,NA,NA,"Mic_Genus","Screening"
"Desulfovibrio_Screening",0.05,0.0158386666666667,0.0154533333333333,0.00211102834340675,NA,NA,NA,"Mic_Genus","Screening"
"Dialister_Screening",0.35,0.0349247619047619,0.0384433333333334,0.0030483504265087,NA,NA,NA,"Mic_Genus","Screening"
"Eisenbergiella_Screening",0.03,0.00869111111111111,0.00621666666666666,0.00307274538442919,NA,NA,NA,"Mic_Genus","Screening"
"Erysipelatoclostridium_Screening",0.06,0.0312494444444444,0.0217566666666666,0.0116709457998997,NA,NA,NA,"Mic_Genus","Screening"
"Escherichia_Screening",0.06,0.0363855555555556,0.03574,0.0028719979710437,NA,NA,NA,"Mic_Genus","Screening"
"Eubacterium_Screening",0.15,0.0231144444444445,0.01538,0.00421500466231664,NA,NA,NA,"Mic_Genus","Screening"
"Flavonifractor_Screening",0.01,0.00925,0.00925,NA,NA,NA,NA,"Mic_Genus","Screening"
"Haemophilus_Screening",0.12,0.0272197222222222,0.018925,0.0056173613972273,NA,NA,NA,"Mic_Genus","Screening"
"Hungatella_Screening",0.01,0.0176333333333333,0.0176333333333333,NA,NA,NA,NA,"Mic_Genus","Screening"
"Klebsiella_Screening",0.49,0.0563769387755102,0.0458300000000001,0.0047124984134367,NA,NA,NA,"Mic_Genus","Screening"
"Odoribacter_Screening",0.01,0.00703333333333333,0.00703333333333333,NA,NA,NA,NA,"Mic_Genus","Screening"
"Parabacteroides_Screening",0.02,0.0304266666666667,0.0304266666666667,0.0102133333333334,NA,NA,NA,"Mic_Genus","Screening"
"Phascolarctobacterium_Screening",0.03,0.0291622222222222,0.02153,0.0128273524783932,NA,NA,NA,"Mic_Genus","Screening"
"Prevotella_Screening",0.03,0.0234866666666666,0.0239833333333333,0.00195477288630598,NA,NA,NA,"Mic_Genus","Screening"
"Roseburia_Screening",0.02,0.02094,0.02094,0.00330999999999999,NA,NA,NA,"Mic_Genus","Screening"
"Ruminococcus_Screening",0.06,0.0172188888888889,0.0177466666666667,0.00188267946695889,NA,NA,NA,"Mic_Genus","Screening"
"Saccharomyces_Screening",0.01,0.05807,0.05807,NA,NA,NA,NA,"Mic_Genus","Screening"
"Selenomonas_Screening",0.01,0.00974000000000001,0.00974000000000001,NA,NA,NA,NA,"Mic_Genus","Screening"
"Veillonella_Screening",0.28,0.0457614285714285,0.0360516666666667,0.00457863219356176,NA,NA,NA,"Mic_Genus","Screening"
"n_pretreatment_events",0.57,0.0270157894736842,0.0203433333333333,0.00341719210207414,NA,NA,NA,"Mic_Genus","Screening"
"n_washout_days",0.01,0.00846333333333333,0.00846333333333333,NA,NA,NA,NA,"Mic_Genus","Screening"
"total.recurrences",0.01,0.0380966666666667,0.0380966666666667,NA,NA,NA,NA,"Mic_Genus","Screening"
"total_abx_days_prescreen",0.29,0.0391943678160919,0.0346366666666667,0.00431071720121129,NA,NA,NA,"Mic_Genus","Screening"
"treat.day.len.abx",0.06,0.0356111111111111,0.0353883333333334,0.00316160972439402,NA,NA,NA,"Mic_Genus","Screening"
"uncl_Genus_of_Clostridia_Screening",0.04,0.0226633333333333,0.0163816666666667,0.00855338540297654,NA,NA,NA,"Mic_Genus","Screening"
"uncl_Genus_of_Clostridiales_Screening",0.4,0.0372334166666667,0.0332883333333334,0.0025609764332857,NA,NA,NA,"Mic_Genus","Screening"
"uncl_Genus_of_Erysipelotrichales_Screening",0.13,0.0244717948717949,0.0189366666666667,0.00429566823843825,NA,NA,NA,"Mic_Genus","Screening"
"uncl_Genus_of_Firmicutes_Screening",0.02,0.0221883333333333,0.0221883333333333,0.000311666666666667,NA,NA,NA,"Mic_Genus","Screening"
"Absiella.sp..MP634G1_ig1_Screening",0.01,0.0116633333333333,0.0116633333333333,NA,"MP634G1_ig1","Longicatena innocuum","[Clostridium] innocuum_MP634G1_ig1","Mic_Species","Screening"
"Absiella.sp..VE303.07_Screening",0.02,0.0145666666666667,0.0145666666666667,0.00407333333333333,NA,NA,NA,"Mic_Species","Screening"
"Abx.group",0.01,0.0243766666666666,0.0243766666666666,NA,NA,NA,NA,"Mic_Species","Screening"
"Age",0.34,0.0493539215686275,0.0446450000000001,0.0050230454616158,NA,NA,NA,"Mic_Species","Screening"
"Alistipes.finegoldii_Screening",0.02,0.0215433333333333,0.0215433333333333,0.01306,NA,NA,NA,"Mic_Species","Screening"
"Anaerostipes.caccae_Screening",0.02,0.007175,0.007175,0.000425000000000001,NA,NA,NA,"Mic_Species","Screening"
"Anaerotruncus.colihominis_Screening",0.01,0.00630666666666667,0.00630666666666667,NA,NA,NA,NA,"Mic_Species","Screening"
"Bacteroides.vulgatus_Screening",0.03,0.0282111111111111,0.0202466666666667,0.00982838789639359,NA,NA,NA,"Mic_Species","Screening"
"Bacteroides.xylanisolvens_Screening",0.01,0.0207866666666667,0.0207866666666667,NA,NA,NA,NA,"Mic_Species","Screening"
"Bifidobacterium.animalis_Screening",0.01,0.0136966666666667,0.0136966666666667,NA,NA,NA,NA,"Mic_Species","Screening"
"Bifidobacterium.bifidum_Screening",0.01,0.0116433333333333,0.0116433333333333,NA,NA,NA,NA,"Mic_Species","Screening"
"Bifidobacterium.breve_Screening",0.01,0.0113133333333333,0.0113133333333333,NA,NA,NA,NA,"Mic_Species","Screening"
"Blautia.coccoides_Screening",0.01,0.00826333333333334,0.00826333333333334,NA,NA,NA,NA,"Mic_Species","Screening"
"Blautia.producta_Screening",0.13,0.0257984615384616,0.02341,0.00420631675667231,NA,NA,NA,"Mic_Species","Screening"
"Blautia.sp..CAG.257_Screening",0.01,0.0117333333333333,0.0117333333333333,NA,NA,NA,NA,"Mic_Species","Screening"
"Blautia.sp..HF21_ig1_Screening",0.01,0.01034,0.01034,NA,"HF21_ig1","Blautia sp001304935","Clostridia bacterium UC5.1-1D4_HF21_ig1","Mic_Species","Screening"
"Blautia.sp..MP237C9_Screening",0.01,0.0218233333333333,0.0218233333333333,NA,"MP237C9","Blautia_A obeum","Blautia obeum_MP237C9","Mic_Species","Screening"
"Blautia.sp..MP512E3_Screening",0.01,0.0111133333333333,0.0111133333333333,NA,"MP512E3","Blautia_A sp900066165","Ruminococcus sp. AM42-11_MP512E3","Mic_Species","Screening"
"Blautia.sp..MP87G3_Screening",0.01,0.0127466666666667,0.0127466666666667,NA,"MP87G3","Blautia sp001304935","Clostridia bacterium UC5.1-1D4_MP87G3","Mic_Species","Screening"
"Blautia.sp..Marseille.P3201T_Screening",0.01,0.00774,0.00774,NA,NA,NA,NA,"Mic_Species","Screening"
"Burkholderiales.bacterium.1_1_47_Screening",0.02,0.0251883333333333,0.0251883333333333,0.0125083333333333,NA,NA,NA,"Mic_Species","Screening"
"Citrobacter.freundii_Screening",0.28,0.0254370238095238,0.023805,0.00204993089557668,NA,NA,NA,"Mic_Species","Screening"
"Clostridia.bacterium.UC5.1.2G4_Screening",0.04,0.0161583333333333,0.0145916666666667,0.0044674051006522,NA,NA,NA,"Mic_Species","Screening"
"Clostridiales.bacterium.52_15_Screening",0.01,0.01493,0.01493,NA,NA,NA,NA,"Mic_Species","Screening"
"Clostridiales.bacterium.CCNA10_Screening",0.03,0.0125288888888889,0.0115066666666667,0.00202843977017671,NA,NA,NA,"Mic_Species","Screening"
"Clostridium.bolteae.CAG.59_Screening",0.01,0.0106366666666667,0.0106366666666667,NA,NA,NA,NA,"Mic_Species","Screening"
"Dialister.invisus.CAG.218_Screening",0.12,0.0184263888888889,0.0138383333333333,0.00312625063078017,NA,NA,NA,"Mic_Species","Screening"
"Dialister.invisus_Screening",0.11,0.0198415151515152,0.0171133333333333,0.0033767753838024,NA,NA,NA,"Mic_Species","Screening"
"Eisenbergiella.massiliensis_Screening",0.02,0.0143933333333333,0.0143933333333333,0.00082,NA,NA,NA,"Mic_Species","Screening"
"Erysipelatoclostridium.sp..MP572A05_Screening",0.01,0.0110066666666667,0.0110066666666667,NA,"MP572A05","Erysipelatoclostridium spiroforme","[Clostridium] spiroforme_MP572A05","Mic_Species","Screening"
"Escherichia.coli_Screening",0.17,0.0409562745098039,0.0361566666666667,0.00474139730861068,NA,NA,NA,"Mic_Species","Screening"
"Faecalimonas.umbilicata_Screening",0.01,0.0204366666666667,0.0204366666666667,NA,NA,NA,NA,"Mic_Species","Screening"
"Haemophilus.parainfluenzae_Screening",0.04,0.0215783333333333,0.0219233333333333,0.00149752233644381,NA,NA,NA,"Mic_Species","Screening"
"Hungatella.sp..MP355B12_Screening",0.03,0.0226833333333333,0.0251233333333333,0.00528875256593686,"MP355B12","Hungatella effluvii","Hungatella effluvii_MP355B12","Mic_Species","Screening"
"Hungatella.sp..MP42C12_Screening",0.01,0.01323,0.01323,NA,"MP42C12","Hungatella effluvii","Hungatella effluvii_MP42C12","Mic_Species","Screening"
"Hungatella.sp..MP558G09_Screening",0.06,0.0145372222222222,0.0126266666666667,0.00323975232440024,"MP558G09","Hungatella sp005845265","Clostridium sp. 1001175st1 A10_MP558G09","Mic_Species","Screening"
"Intestinimonas.massiliensis_Screening",0.01,0.00644,0.00644,NA,NA,NA,NA,"Mic_Species","Screening"
"Klebsiella.michiganensis_Screening",0.2,0.0141363333333333,0.010575,0.00189327058365253,NA,NA,NA,"Mic_Species","Screening"
"Klebsiella.oxytoca_Screening",0.28,0.0403008333333333,0.0402866666666667,0.00269463108296487,NA,NA,NA,"Mic_Species","Screening"
"Klebsiella.pneumoniae_Screening",0.01,0.0351266666666667,0.0351266666666667,NA,NA,NA,NA,"Mic_Species","Screening"
"Lachnoclostridium.sp..HF18_Screening",0.01,0.0128633333333333,0.0128633333333333,NA,"HF18","Enterocloster bolteae","[Clostridium] bolteae_HF18","Mic_Species","Screening"
"Lachnoclostridium.sp..MP429E6_Screening",0.01,0.00877333333333334,0.00877333333333334,NA,"MP429E6","Clostridium_Q symbiosum","[Clostridium] symbiosum_MP429E6","Mic_Species","Screening"
"Lachnoclostridium.sp..MP625H7_ig1_Screening",0.03,0.0128244444444444,0.0115066666666667,0.00187114179177802,"MP625H7_ig1","Enterocloster bolteae","[Clostridium] bolteae_MP625H7_ig1","Mic_Species","Screening"
"Lachnoclostridium.sp..VE303.01_Screening",0.01,0.01324,0.01324,NA,NA,NA,NA,"Mic_Species","Screening"
"Lachnospiraceae.bacterium.9_1_43BFAA_Screening",0.01,0.00750666666666667,0.00750666666666667,NA,NA,NA,NA,"Mic_Species","Screening"
"Lachnospiraceae.bacterium.AM25.17_Screening",0.02,0.0184333333333333,0.0184333333333333,0.00745999999999998,NA,NA,NA,"Mic_Species","Screening"
"Lactobacillus.paracasei_Screening",0.05,0.0160053333333333,0.0156233333333333,0.00256308962864048,NA,NA,NA,"Mic_Species","Screening"
"Lactobacillus.plantarum_Screening",0.12,0.020665,0.0191466666666667,0.00248088234073126,NA,NA,NA,"Mic_Species","Screening"
"Lactobacillus.rhamnosus_Screening",0.09,0.0253381481481481,0.02047,0.00395450856583426,NA,NA,NA,"Mic_Species","Screening"
"Lactococcus.lactis_Screening",0.02,0.0345266666666667,0.0345266666666667,0.00382,NA,NA,NA,"Mic_Species","Screening"
"Odoribacter.splanchnicus_Screening",0.02,0.0189416666666667,0.0189416666666667,0.00634166666666665,NA,NA,NA,"Mic_Species","Screening"
"Parabacteroides.distasonis_Screening",0.01,0.02897,0.02897,NA,NA,NA,NA,"Mic_Species","Screening"
"Roseburia.hominis_Screening",0.01,0.0225866666666667,0.0225866666666667,NA,NA,NA,NA,"Mic_Species","Screening"
"Roseburia.inulinivorans.CAG.15_Screening",0.04,0.0139408333333333,0.0150883333333333,0.00124665283340513,NA,NA,NA,"Mic_Species","Screening"
"Sellimonas.intestinalis_Screening",0.01,0.0117233333333333,0.0117233333333333,NA,NA,NA,NA,"Mic_Species","Screening"
"Streptococcus.mitis_Screening",0.01,0.0105033333333333,0.0105033333333333,NA,NA,NA,NA,"Mic_Species","Screening"
"Streptococcus.salivarius_Screening",0.01,0.0262166666666666,0.0262166666666666,NA,NA,NA,NA,"Mic_Species","Screening"
"Streptococcus.sp..MP111F6_2_Screening",0.01,0.0198333333333333,0.0198333333333333,NA,"MP111F6_2","N/A","Streptococcus sp. CCH5-D3_MP111F6_2","Mic_Species","Screening"
"Streptococcus.sp..MP628A10_ig1_Screening",0.01,0.0170066666666667,0.0170066666666667,NA,"MP628A10_ig1","N/A","Streptococcus parasanguinis_MP628A10_ig1","Mic_Species","Screening"
"Subdoligranulum.sp..MP158A7_Screening",0.13,0.0196338461538462,0.01924,0.00208160847729069,"MP158A7","Ruthenibacterium lactatiformans","Ruthenibacterium lactatiformans_MP158A7","Mic_Species","Screening"
"Veillonella.dispar_Screening",0.02,0.0117916666666667,0.0117916666666667,0.000561666666666671,NA,NA,NA,"Mic_Species","Screening"
"Veillonella.parvula_Screening",0.21,0.0402542857142857,0.037,0.00349814154092752,NA,NA,NA,"Mic_Species","Screening"
"Veillonella.rogosae_Screening",0.08,0.0219025,0.0191816666666667,0.00425956648578532,NA,NA,NA,"Mic_Species","Screening"
"X.Clostridium..aldenense_Screening",0.03,0.0133566666666667,0.0134733333333333,0.000870868021637672,NA,NA,NA,"Mic_Species","Screening"
"X.Clostridium..citroniae_Screening",0.01,0.0102333333333333,0.0102333333333333,NA,NA,NA,NA,"Mic_Species","Screening"
"X.Clostridium..clostridioforme_Screening",0.09,0.0325607407407408,0.0349333333333334,0.00339325168977758,NA,NA,NA,"Mic_Species","Screening"
"X.Clostridium..lavalense_Screening",0.03,0.00901555555555556,0.00793333333333333,0.00179624746019907,NA,NA,NA,"Mic_Species","Screening"
"X.Clostridium..sp..HF14_Screening",0.01,0.00930666666666667,0.00930666666666667,NA,"HF14","Faecalimonas nexilis","Tyzzerella nexilis_HF14","Mic_Species","Screening"
"X.Clostridium..sp..MP562A3a_Screening",0.01,0.01474,0.01474,NA,"MP562A3a","Enterocloster citroniae","[Clostridium] citroniae_MP562A3a","Mic_Species","Screening"
"X.Clostridium..symbiosum_Screening",0.08,0.0225825,0.0183533333333333,0.00335769920457636,NA,NA,NA,"Mic_Species","Screening"
"X.Eubacterium..rectale_Screening",0.02,0.014125,0.014125,0.00082833333333333,NA,NA,NA,"Mic_Species","Screening"
"X.Ruminococcus..gnavus.CAG.126_Screening",0.01,0.0121233333333333,0.0121233333333333,NA,NA,NA,NA,"Mic_Species","Screening"
"X.Ruminococcus..gnavus_Screening",0.03,0.0127888888888889,0.00909666666666667,0.00393976232284307,NA,NA,NA,"Mic_Species","Screening"
"X.Ruminococcus..sp..HK31_Screening",0.01,0.02338,0.02338,NA,NA,NA,NA,"Mic_Species","Screening"
"X.Ruminococcus..sp..MP10A9_Screening",0.04,0.0158408333333333,0.0172866666666667,0.00297397737637413,"MP10A9","Ruminococcus_B gnavus","[Ruminococcus] gnavus_MP10A9","Mic_Species","Screening"
"abx_screen_status",0.01,0.0138566666666667,0.0138566666666667,NA,NA,NA,NA,"Mic_Species","Screening"
"n_pretreatment_events",0.36,0.0273689814814815,0.0246533333333333,0.00269862188299182,NA,NA,NA,"Mic_Species","Screening"
"total_abx_days_prescreen",0.41,0.0273721951219512,0.02419,0.00187367659387953,NA,NA,NA,"Mic_Species","Screening"
"treat.day.len.abx",0.04,0.03117,0.032815,0.00203850935008168,NA,NA,NA,"Mic_Species","Screening"
"Abx.group",0.04,0.0380245238095238,0.0407607142857143,0.00463231387543139,NA,NA,NA,"Vancomycin","Day 1"
"Age",0.05,0.0893517142857144,0.0585900000000001,0.0400547327019876,NA,NA,NA,"Vancomycin","Day 1"
"BMI",0.02,0.0545557142857142,0.0545557142857142,0.0209976190476189,NA,NA,NA,"Vancomycin","Day 1"
"Vancomycin_Day.1",0.32,0.111775014880953,0.092313571428571,0.0100728233105171,NA,NA,NA,"Vancomycin","Day 1"
"n_pretreatment_events",0.37,0.100022226512227,0.0947466666666663,0.00935643840630049,NA,NA,NA,"Vancomycin","Day 1"
"total.recurrences",0.02,0.172605,0.172605,0.115585,NA,NA,NA,"Vancomycin","Day 1"
"total_abx_days_prescreen",0.29,0.139218489326765,0.11684,0.0125837260286797,NA,NA,NA,"Vancomycin","Day 1"
"treat.day.len.abx",0.03,0.0645488888888887,0.0829699999999998,0.0198086145058652,NA,NA,NA,"Vancomycin","Day 1"
"Abx.group",0.11,0.0949004761904763,0.0978533333333329,0.0192078944517143,NA,NA,NA,"Calprotectin","Day 1"
"Age",0.05,0.0813651428571429,0.0853357142857139,0.0234185659792841,NA,NA,NA,"Calprotectin","Day 1"
"BMI",0.04,0.0784341666666669,0.0700416666666666,0.0364072855045124,NA,NA,NA,"Calprotectin","Day 1"
"Calprotectin_Day.1",0.01,0.0490533333333335,0.0490533333333335,NA,NA,NA,NA,"Calprotectin","Day 1"
"n_pretreatment_events",0.32,0.115199776785715,0.117526904761905,0.012354020412034,NA,NA,NA,"Calprotectin","Day 1"
"n_washout_days",0.01,0.0585099999999999,0.0585099999999999,NA,NA,NA,NA,"Calprotectin","Day 1"
"total_abx_days_prescreen",0.32,0.149320892857143,0.137311666666667,0.0109302568322986,NA,NA,NA,"Calprotectin","Day 1"
"treat.day.len.abx",0.04,0.0997374999999999,0.0989592857142855,0.013917466215134,NA,NA,NA,"Calprotectin","Day 1"
"Abx.group",0.03,0.0102652380952381,0.00960571428571429,0.00162065468793815,NA,NA,NA,"SCFA","Day 1"
"Acetic.acid_Day.1",0.83,0.0592316150315547,0.0520742857142857,0.00293155842062827,NA,NA,NA,"SCFA","Day 1"
"Age",0.02,0.0233366666666666,0.0233366666666666,0.00376476190476189,NA,NA,NA,"SCFA","Day 1"
"BMI",0.03,0.024122380952381,0.0230104761904762,0.00469895680836968,NA,NA,NA,"SCFA","Day 1"
"Butyric.acid_Day.1",0.68,0.063191663165266,0.0557797619047619,0.00391392905737053,NA,NA,NA,"SCFA","Day 1"
"Hexanoic.acid_Day.1",0.14,0.0269137074829932,0.0239769047619048,0.00422965767081758,NA,NA,NA,"SCFA","Day 1"
"Isobutyric.acid_Day.1",0.45,0.037688835978836,0.0348292857142857,0.00244595723617313,NA,NA,NA,"SCFA","Day 1"
"Isovaleric.acid_Day.1",0.58,0.0398014696223317,0.0340319047619048,0.00273963519287289,NA,NA,NA,"SCFA","Day 1"
"Propionic.acid_Day.1",0.13,0.0371373626373627,0.0400052380952381,0.00285212491620443,NA,NA,NA,"SCFA","Day 1"
"Succinic.acid_Day.1",0.17,0.0386955602240897,0.0390166666666667,0.00297588857908181,NA,NA,NA,"SCFA","Day 1"
"Valeric.acid_Day.1",0.01,0.0143966666666667,0.0143966666666667,NA,NA,NA,NA,"SCFA","Day 1"
"X2.Methylbutyric.acid_Day.1",0.73,0.038104654272668,0.0353957142857144,0.0020654923767618,NA,NA,NA,"SCFA","Day 1"
"n_pretreatment_events",0.49,0.0316487463556851,0.02584,0.00330121277483176,NA,NA,NA,"SCFA","Day 1"
"total_abx_days_prescreen",0.4,0.0539674464285714,0.0443652380952381,0.00494741611324515,NA,NA,NA,"SCFA","Day 1"
"treat.day.len.abx",0.02,0.0305176190476191,0.0305176190476191,0.000635714285714288,NA,NA,NA,"SCFA","Day 1"
"Abx.group",0.03,0.0208879365079365,0.0204166666666666,0.00212934161580645,NA,NA,NA,"BA","Day 1"
"Age",0.09,0.048215873015873,0.0459766666666668,0.00895940389321144,NA,NA,NA,"BA","Day 1"
"Alloiso_Isolithocholic.Acid_Day.1",0.02,0.0248633333333334,0.0248633333333334,0.0224266666666667,NA,NA,NA,"BA","Day 1"
"BMI",0.03,0.0728140476190472,0.0936609523809518,0.024495161629472,NA,NA,NA,"BA","Day 1"
"Chenodeoxycholic.Acid_Day.1",0.22,0.0617666883116882,0.0609357142857141,0.00713171919690714,NA,NA,NA,"BA","Day 1"
"Cholic.Acid_Day.1",0.03,0.0698657142857144,0.0478928571428572,0.0340055488969421,NA,NA,NA,"BA","Day 1"
"Dehydrolithocholic.Acid_Day.1",0.06,0.0483188095238096,0.03246,0.0184737970683261,NA,NA,NA,"BA","Day 1"
"Deoxycholic.Acid_Day.1",0.01,0.0433780952380952,0.0433780952380952,NA,NA,NA,NA,"BA","Day 1"
"Glycocholic.Acid_Day.1",0.04,0.046867380952381,0.0458271428571429,0.00276047750136192,NA,NA,NA,"BA","Day 1"
"Glycodeoxycholic.Acid_Day.1",0.17,0.0472859383753501,0.046612380952381,0.00448171580377585,NA,NA,NA,"BA","Day 1"
"Glycoursodeoxycholic.Acid_Day.1",0.04,0.0819391071428574,0.0324914285714286,0.0542753607166103,NA,NA,NA,"BA","Day 1"
"Lithocholic.Acid_Day.1",0.06,0.0440925793650794,0.0497378571428572,0.00852737303280305,NA,NA,NA,"BA","Day 1"
"Taurochenodeoxycholic.Acid_Day.1",0.02,0.0216828571428571,0.0216828571428571,0.00311857142857143,NA,NA,NA,"BA","Day 1"
"Taurodeoxycholic.Acid_Day.1",0.01,0.0279447619047619,0.0279447619047619,NA,NA,NA,NA,"BA","Day 1"
"Tauroursodeoxycholic.Acid_Day.1",0.16,0.0406328422619048,0.0394303571428572,0.00401896818197965,NA,NA,NA,"BA","Day 1"
"Ursodeoxycholic.Acid_Day.1",0.05,0.0364930476190476,0.0345095238095238,0.00791961437510313,NA,NA,NA,"BA","Day 1"
"n_pretreatment_events",0.55,0.0664348268398269,0.0530557142857143,0.00642913907724111,NA,NA,NA,"BA","Day 1"
"total_abx_days_prescreen",0.54,0.0932969532627866,0.083713571428571,0.00687434604886912,NA,NA,NA,"BA","Day 1"
"treat.day.len.abx",0.06,0.0244471428571429,0.0237221428571428,0.00459086899294189,NA,NA,NA,"BA","Day 1"
"Abx.group",0.03,0.0118222222222222,0.01381,0.00339259560488303,NA,NA,NA,"Mic_Class","Day 1"
"Actinobacteria_Day.1",0.44,0.0909268614718614,0.088218571428571,0.00494996045868541,NA,NA,NA,"Mic_Class","Day 1"
"Age",0.03,0.0520838095238094,0.0338614285714286,0.0203592534299947,NA,NA,NA,"Mic_Class","Day 1"
"BMI",0.02,0.0418816666666666,0.0418816666666666,0.020755,NA,NA,NA,"Mic_Class","Day 1"
"Bacilli_Day.1",0.01,0.0299766666666667,0.0299766666666667,NA,NA,NA,NA,"Mic_Class","Day 1"
"Betaproteobacteria_Day.1",0.01,0.0326266666666667,0.0326266666666667,NA,NA,NA,NA,"Mic_Class","Day 1"
"Clostridia_Day.1",0.12,0.0534791269841269,0.0595542857142857,0.00551487366921634,NA,NA,NA,"Mic_Class","Day 1"
"Coriobacteriia_Day.1",0.05,0.0285430476190477,0.0224633333333333,0.00822177626807419,NA,NA,NA,"Mic_Class","Day 1"
"Deltaproteobacteria_Day.1",0.01,0.0102066666666667,0.0102066666666667,NA,NA,NA,NA,"Mic_Class","Day 1"
"Erysipelotrichia_Day.1",0.05,0.0437366666666666,0.0316733333333334,0.0148787369162244,NA,NA,NA,"Mic_Class","Day 1"
"N_sum_det",0.01,0.0192866666666666,0.0192866666666666,NA,NA,NA,NA,"Mic_Class","Day 1"
"Negativicutes_Day.1",0.04,0.0407404761904762,0.0429240476190477,0.00590371940041882,NA,NA,NA,"Mic_Class","Day 1"
"n_pretreatment_events",0.77,0.086769814471243,0.0772599999999998,0.00590679355532972,NA,NA,NA,"Mic_Class","Day 1"
"n_washout_days",0.01,0.0209104761904762,0.0209104761904762,NA,NA,NA,NA,"Mic_Class","Day 1"
"total_abx_days_prescreen",0.8,0.104798767857143,0.0973199999999995,0.00491148519506642,NA,NA,NA,"Mic_Class","Day 1"
"treat.day.len.abx",0.04,0.0395183333333334,0.04055,0.00799052325245805,NA,NA,NA,"Mic_Class","Day 1"
"Abx.group",0.01,0.0219566666666666,0.0219566666666666,NA,NA,NA,NA,"Mic_Order","Day 1"
"Acidaminococcales_Day.1",0.03,0.0237077777777778,0.02354,0.000385478698711739,NA,NA,NA,"Mic_Order","Day 1"
"Age",0.03,0.0503479365079364,0.03461,0.0183687112013001,NA,NA,NA,"Mic_Order","Day 1"
"BMI",0.01,0.0314066666666666,0.0314066666666666,NA,NA,NA,NA,"Mic_Order","Day 1"
"Bacillales_Day.1",0.01,0.01471,0.01471,NA,NA,NA,NA,"Mic_Order","Day 1"
"Bacteroidales_Day.1",0.01,0.0338633333333334,0.0338633333333334,NA,NA,NA,NA,"Mic_Order","Day 1"
"Bifidobacteriales_Day.1",0.12,0.0455389285714286,0.0440226190476191,0.00478464286504163,NA,NA,NA,"Mic_Order","Day 1"
"Clostridiales_Day.1",0.07,0.0450838095238095,0.0330700000000001,0.0089754731472037,NA,NA,NA,"Mic_Order","Day 1"
"Coriobacteriales_Day.1",0.1,0.0179851904761905,0.0174426190476191,0.00218999216466177,NA,NA,NA,"Mic_Order","Day 1"
"Erysipelotrichales_Day.1",0.05,0.0501203809523809,0.0342566666666667,0.0170319232801617,NA,NA,NA,"Mic_Order","Day 1"
"Fusobacteriales_Day.1",0.04,0.0574195238095238,0.0525357142857143,0.00932760773723743,NA,NA,NA,"Mic_Order","Day 1"
"Lactobacillales_Day.1",0.03,0.0314506349206349,0.0254552380952381,0.00814374631891419,NA,NA,NA,"Mic_Order","Day 1"
"Micrococcales_Day.1",0.18,0.0373268783068783,0.0354735714285715,0.00334600299062225,NA,NA,NA,"Mic_Order","Day 1"
"N_sum_det",0.01,0.0172,0.0172,NA,NA,NA,NA,"Mic_Order","Day 1"
"Neisseriales_Day.1",0.17,0.0157919607843137,0.01521,0.00146823810252999,NA,NA,NA,"Mic_Order","Day 1"
"Pasteurellales_Day.1",0.01,0.01675,0.01675,NA,NA,NA,NA,"Mic_Order","Day 1"
"Streptomycetales_Day.1",0.02,0.0418416666666668,0.0418416666666668,0.00433833333333335,NA,NA,NA,"Mic_Order","Day 1"
"Veillonellales_Day.1",0.14,0.0478403741496599,0.0447090476190477,0.00392514060559776,NA,NA,NA,"Mic_Order","Day 1"
"abx_screen_status",0.03,0.0145055555555556,0.01414,0.00368514351363002,NA,NA,NA,"Mic_Order","Day 1"
"n_pretreatment_events",0.79,0.0821638215792646,0.0765599999999998,0.00521105849179256,NA,NA,NA,"Mic_Order","Day 1"
"total_abx_days_prescreen",0.75,0.10912726984127,0.100206666666666,0.00588486890235831,NA,NA,NA,"Mic_Order","Day 1"
"treat.day.len.abx",0.07,0.0483730612244898,0.0457914285714286,0.00588939992207573,NA,NA,NA,"Mic_Order","Day 1"
"uncl_Order_of_Clostridia_Day.1",0.03,0.0184944444444444,0.0213033333333333,0.00301621195672671,NA,NA,NA,"Mic_Order","Day 1"
"Age",0.03,0.0416984126984127,0.0450866666666668,0.00998718368556731,NA,NA,NA,"Mic_Genus","Day 1"
"Atopobium_Day.1",0.19,0.0189845864661654,0.0165933333333333,0.00201193707655828,NA,NA,NA,"Mic_Genus","Day 1"
"BMI",0.06,0.0456884126984127,0.0516783333333334,0.00491079209468581,NA,NA,NA,"Mic_Genus","Day 1"
"Bifidobacterium_Day.1",0.01,0.01531,0.01531,NA,NA,NA,NA,"Mic_Genus","Day 1"
"Bilophila_Day.1",0.02,0.019377619047619,0.019377619047619,0.0068890476190476,NA,NA,NA,"Mic_Genus","Day 1"
"Blautia_Day.1",0.02,0.0218533333333333,0.0218533333333333,0.00345999999999998,NA,NA,NA,"Mic_Genus","Day 1"
"Citrobacter_Day.1",0.27,0.0607082186948853,0.0588452380952381,0.005506918307736,NA,NA,NA,"Mic_Genus","Day 1"
"Clostridioides_Day.1",0.02,0.0344816666666667,0.0344816666666667,0.0180083333333334,NA,NA,NA,"Mic_Genus","Day 1"
"Clostridium_Day.1",0.02,0.0210297619047619,0.0210297619047619,0.00425690476190476,NA,NA,NA,"Mic_Genus","Day 1"
"Dialister_Day.1",0.1,0.0328906666666667,0.0320883333333333,0.00342852841771965,NA,NA,NA,"Mic_Genus","Day 1"
"Eikenella_Day.1",0.02,0.0108383333333333,0.0108383333333333,0.00471166666666667,NA,NA,NA,"Mic_Genus","Day 1"
"Enterobacter_Day.1",0.01,0.02742,0.02742,NA,NA,NA,NA,"Mic_Genus","Day 1"
"Escherichia_Day.1",0.03,0.0485879365079366,0.0503900000000001,0.00549365136463906,NA,NA,NA,"Mic_Genus","Day 1"
"Fusobacterium_Day.1",0.05,0.0306854285714286,0.0321066666666667,0.00417141338494736,NA,NA,NA,"Mic_Genus","Day 1"
"Haemophilus_Day.1",0.02,0.0199116666666667,0.0199116666666667,0.000458333333333328,NA,NA,NA,"Mic_Genus","Day 1"
"Hafnia_Day.1",0.01,0.0129366666666667,0.0129366666666667,NA,NA,NA,NA,"Mic_Genus","Day 1"
"Lachnoclostridium_Day.1",0.03,0.0116244444444444,0.0109066666666667,0.00263990553515991,NA,NA,NA,"Mic_Genus","Day 1"
"Lactobacillus_Day.1",0.03,0.0409147619047619,0.0352819047619048,0.00605406160397811,NA,NA,NA,"Mic_Genus","Day 1"
"Phascolarctobacterium_Day.1",0.04,0.0211175,0.0176166666666667,0.00505936121260675,NA,NA,NA,"Mic_Genus","Day 1"
"Prevotella_Day.1",0.01,0.0148914285714286,0.0148914285714286,NA,NA,NA,NA,"Mic_Genus","Day 1"
"Proteus_Day.1",0.01,0.0320147619047619,0.0320147619047619,NA,NA,NA,NA,"Mic_Genus","Day 1"
"Raoultella_Day.1",0.1,0.0273033333333333,0.0292183333333333,0.00205098958349499,NA,NA,NA,"Mic_Genus","Day 1"
"Streptococcus_Day.1",0.02,0.0455033333333334,0.0455033333333334,0.00566333333333333,NA,NA,NA,"Mic_Genus","Day 1"
"Streptomyces_Day.1",0.02,0.0534416666666666,0.0534416666666666,0.0190649999999999,NA,NA,NA,"Mic_Genus","Day 1"
"Sutterella_Day.1",0.04,0.0193579761904762,0.0192459523809524,0.000185072902940629,NA,NA,NA,"Mic_Genus","Day 1"
"Veillonella_Day.1",0.37,0.0525346718146718,0.04869,0.00341686379593649,NA,NA,NA,"Mic_Genus","Day 1"
"Xanthomonas_Day.1",0.02,0.0106783333333333,0.0106783333333333,0.00266833333333334,NA,NA,NA,"Mic_Genus","Day 1"
"abx_screen_status",0.01,0.01546,0.01546,NA,NA,NA,NA,"Mic_Genus","Day 1"
"n_pretreatment_events",0.83,0.0733883648881239,0.0706885714285713,0.00436010425977021,NA,NA,NA,"Mic_Genus","Day 1"
"n_washout_days",0.01,0.00948666666666667,0.00948666666666667,NA,NA,NA,NA,"Mic_Genus","Day 1"
"total_abx_days_prescreen",0.76,0.0856024185463659,0.080973333333333,0.00460157387911973,NA,NA,NA,"Mic_Genus","Day 1"
"treat.day.len.abx",0.04,0.0502628571428571,0.0527099999999999,0.0143627026245683,NA,NA,NA,"Mic_Genus","Day 1"
"uncl_Genus_of_Clostridiales_Day.1",0.03,0.0343722222222222,0.0316466666666667,0.010323873866187,NA,NA,NA,"Mic_Genus","Day 1"
"uncl_Genus_of_Firmicutes_Day.1",0.02,0.027825,0.027825,0.000321666666666668,NA,NA,NA,"Mic_Genus","Day 1"
"Actinomyces.graevenitzii_Day.1",0.01,0.0149466666666667,0.0149466666666667,NA,NA,NA,NA,"Mic_Species","Day 1"
"Actinomyces.sp..HMSC035G02_Day.1",0.01,0.00573,0.00573,NA,NA,NA,NA,"Mic_Species","Day 1"
"Actinomyces.sp..HPA0247_Day.1",0.01,0.00703,0.00703,NA,NA,NA,NA,"Mic_Species","Day 1"
"Actinomyces.sp..ICM39_Day.1",0.01,0.0163366666666667,0.0163366666666667,NA,NA,NA,NA,"Mic_Species","Day 1"
"Age",0.06,0.0365181746031746,0.0358883333333334,0.00553690469592364,NA,NA,NA,"Mic_Species","Day 1"
"BMI",0.1,0.0338308095238096,0.0399566666666667,0.00398569127960465,NA,NA,NA,"Mic_Species","Day 1"
"Bilophila.wadsworthia_Day.1",0.02,0.018275,0.018275,0.00693499999999997,NA,NA,NA,"Mic_Species","Day 1"
"Blautia.sp..HF17_Day.1",0.01,0.0103433333333333,0.0103433333333333,NA,"HF17","Blautia_A sp000433815","Blautia hansenii_HF17","Mic_Species","Day 1"
"Blautia.sp..VE303.05_Day.1",0.01,0.0129966666666667,0.0129966666666667,NA,NA,NA,NA,"Mic_Species","Day 1"
"Campylobacter.curvus_Day.1",0.01,0.0536585714285715,0.0536585714285715,NA,NA,NA,NA,"Mic_Species","Day 1"
"Citrobacter.amalonaticus_Day.1",0.2,0.0295239285714286,0.02663,0.00283885534195634,NA,NA,NA,"Mic_Species","Day 1"
"Citrobacter.braakii_Day.1",0.07,0.0271504761904762,0.02642,0.0040670287653372,NA,NA,NA,"Mic_Species","Day 1"
"Clostridioides.difficile_Day.1",0.06,0.0342472222222222,0.0306083333333333,0.00486559740282937,NA,NA,NA,"Mic_Species","Day 1"
"Dialister.invisus.CAG.218_Day.1",0.05,0.0151513333333333,0.0156566666666667,0.00194210470023288,NA,NA,NA,"Mic_Species","Day 1"
"Dialister.invisus_Day.1",0.05,0.013674,0.01359,0.00135350015392192,NA,NA,NA,"Mic_Species","Day 1"
"Eikenella.corrodens_Day.1",0.01,0.0177533333333333,0.0177533333333333,NA,NA,NA,NA,"Mic_Species","Day 1"
"Enterobacter.cloacae_Day.1",0.01,0.0235733333333333,0.0235733333333333,NA,NA,NA,NA,"Mic_Species","Day 1"
"Escherichia.coli_Day.1",0.06,0.0400990476190476,0.0339569047619048,0.00684613505786561,NA,NA,NA,"Mic_Species","Day 1"
"Fusobacterium.nucleatum_Day.1",0.02,0.0648245238095236,0.0648245238095236,0.0298040476190474,NA,NA,NA,"Mic_Species","Day 1"
"Lactobacillus.animalis_Day.1",0.03,0.0280422222222222,0.02692,0.00217145482324241,NA,NA,NA,"Mic_Species","Day 1"
"Lactobacillus.delbrueckii_Day.1",0.35,0.0201636734693878,0.0195452380952381,0.00170550733159681,NA,NA,NA,"Mic_Species","Day 1"
"Lactobacillus.paracasei_Day.1",0.04,0.0227866666666667,0.01896,0.00500101323066971,NA,NA,NA,"Mic_Species","Day 1"
"Lactobacillus.plantarum_Day.1",0.27,0.0437435273368607,0.0413652380952382,0.00386161162326976,NA,NA,NA,"Mic_Species","Day 1"
"Lactobacillus.rhamnosus_Day.1",0.02,0.0472076190476191,0.0472076190476191,0.00339904761904761,NA,NA,NA,"Mic_Species","Day 1"
"Lactococcus.lactis_Day.1",0.01,0.0228666666666666,0.0228666666666666,NA,NA,NA,NA,"Mic_Species","Day 1"
"Pediococcus.pentosaceus_Day.1",0.02,0.0224933333333333,0.0224933333333333,0.00721333333333333,NA,NA,NA,"Mic_Species","Day 1"
"Phascolarctobacterium.sp..VE800.04_Day.1",0.01,0.0373633333333334,0.0373633333333334,NA,NA,NA,NA,"Mic_Species","Day 1"
"Prevotella.histicola_Day.1",0.01,0.01095,0.01095,NA,NA,NA,NA,"Mic_Species","Day 1"
"Proteus.mirabilis_Day.1",0.18,0.0308841798941799,0.02195,0.00558598801769433,NA,NA,NA,"Mic_Species","Day 1"
"Raoultella.ornithinolytica_Day.1",0.01,0.0490866666666668,0.0490866666666668,NA,NA,NA,NA,"Mic_Species","Day 1"
"Selenomonas.flueggei_Day.1",0.01,0.0216533333333333,0.0216533333333333,NA,NA,NA,NA,"Mic_Species","Day 1"
"Streptococcus.anginosus_Day.1",0.03,0.0262411111111111,0.0221166666666666,0.00783939371553443,NA,NA,NA,"Mic_Species","Day 1"
"Streptococcus.sanguinis_Day.1",0.01,0.01147,0.01147,NA,NA,NA,NA,"Mic_Species","Day 1"
"Streptomyces.californicus_Day.1",0.02,0.0266209523809524,0.0266209523809524,0.0081757142857143,NA,NA,NA,"Mic_Species","Day 1"
"Veillonella.atypica_Day.1",0.17,0.0576453781512605,0.0461385714285715,0.008968134614474,NA,NA,NA,"Mic_Species","Day 1"
"Veillonella.parvula_Day.1",0.06,0.0458171428571429,0.0439957142857143,0.00587235380781352,NA,NA,NA,"Mic_Species","Day 1"
"Veillonella.seminalis_Day.1",0.01,0.0358800000000001,0.0358800000000001,NA,NA,NA,NA,"Mic_Species","Day 1"
"Veillonella.sp..MP19D1_02.09_Day.1",0.12,0.0298734920634921,0.0309666666666667,0.00298223753544818,"MP19D1_02.09","Veillonella dispar_A","Veillonella dispar_MP19D1_02.09","Mic_Species","Day 1"
"X.Clostridium..aldenense_Day.1",0.02,0.0155333333333333,0.0155333333333333,0.00224666666666666,NA,NA,NA,"Mic_Species","Day 1"
"X.Clostridium..bolteae_Day.1",0.01,0.00814333333333334,0.00814333333333334,NA,NA,NA,NA,"Mic_Species","Day 1"
"X.Clostridium..citroniae_Day.1",0.01,0.0189066666666667,0.0189066666666667,NA,NA,NA,NA,"Mic_Species","Day 1"
"X.Clostridium..symbiosum_Day.1",0.01,0.00945333333333334,0.00945333333333334,NA,NA,NA,NA,"Mic_Species","Day 1"
"abx_screen_status",0.01,0.0163966666666667,0.0163966666666667,NA,NA,NA,NA,"Mic_Species","Day 1"
"n_pretreatment_events",0.74,0.0532521879021879,0.04415,0.00383648776604237,NA,NA,NA,"Mic_Species","Day 1"
"total_abx_days_prescreen",0.85,0.0806520056022409,0.0687666666666666,0.0040529646790611,NA,NA,NA,"Mic_Species","Day 1"
"treat.day.len.abx",0.03,0.0596177777777777,0.0439766666666668,0.027147953086561,NA,NA,NA,"Mic_Species","Day 1"
"Abx.group",0.04,0.0571500000000001,0.0367333333333333,0.0322891759756299,NA,NA,NA,"Vancomycin","Day 7"
"Age",0.04,0.0460491666666666,0.0366566666666667,0.014968026192583,NA,NA,NA,"Vancomycin","Day 7"
"BMI",0.04,0.0996733333333335,0.0927666666666663,0.0341943507625762,NA,NA,NA,"Vancomycin","Day 7"
"Vancomycin_Day.7",0.16,0.100138541666667,0.0914616666666664,0.0149338213460958,NA,NA,NA,"Vancomycin","Day 7"
"n_pretreatment_events",0.66,0.113197171717172,0.0962566666666664,0.00869362209254697,NA,NA,NA,"Vancomycin","Day 7"
"n_washout_days",0.02,0.0951016666666665,0.0951016666666665,0.0237983333333333,NA,NA,NA,"Vancomycin","Day 7"
"total.recurrences",0.03,0.0977177777777783,0.0643199999999999,0.055591199154694,NA,NA,NA,"Vancomycin","Day 7"
"total_abx_days_prescreen",0.56,0.132344285714286,0.128565,0.00808574339343577,NA,NA,NA,"Vancomycin","Day 7"
"treat.day.len.abx",0.07,0.0864776190476191,0.0835166666666664,0.0189894680321785,NA,NA,NA,"Vancomycin","Day 7"
"Abx.group",0.04,0.0198916666666667,0.0176183333333333,0.00712978474819231,NA,NA,NA,"SCFA","Day 7"
"Acetic.acid_Day.7",0.03,0.0589577777777778,0.0597833333333333,0.00871333807985357,NA,NA,NA,"SCFA","Day 7"
"Age",0.01,0.0702366666666665,0.0702366666666665,NA,NA,NA,NA,"SCFA","Day 7"
"BMI",0.03,0.0540322222222222,0.0616233333333333,0.00943786411283534,NA,NA,NA,"SCFA","Day 7"
"Hexanoic.acid_Day.7",0.08,0.0389504166666667,0.0330316666666667,0.00841837374101745,NA,NA,NA,"SCFA","Day 7"
"Isobutyric.acid_Day.7",0.16,0.0550829166666667,0.0550133333333333,0.00920230523089189,NA,NA,NA,"SCFA","Day 7"
"Isovaleric.acid_Day.7",0.01,0.0329266666666667,0.0329266666666667,NA,NA,NA,NA,"SCFA","Day 7"
"Propionic.acid_Day.7",0.04,0.0291508333333334,0.025375,0.0077078659167594,NA,NA,NA,"SCFA","Day 7"
"Succinic.acid_Day.7",0.04,0.0638,0.0512333333333334,0.0143861610455891,NA,NA,NA,"SCFA","Day 7"
"X2.Methylbutyric.acid_Day.7",0.09,0.0444733333333333,0.0502333333333335,0.00736726047129133,NA,NA,NA,"SCFA","Day 7"
"n_pretreatment_events",0.66,0.0850983333333334,0.0722883333333332,0.00698163384966775,NA,NA,NA,"SCFA","Day 7"
"total.recurrences",0.02,0.0441383333333334,0.0441383333333334,0.00505833333333338,NA,NA,NA,"SCFA","Day 7"
"total_abx_days_prescreen",0.52,0.120858782051282,0.119728333333333,0.00779485600192461,NA,NA,NA,"SCFA","Day 7"
"treat.day.len.abx",0.03,0.0529033333333334,0.02026,0.0404959276873523,NA,NA,NA,"SCFA","Day 7"
"Age",0.02,0.0541933333333331,0.0541933333333331,0.0288699999999998,NA,NA,NA,"BA","Day 7"
"Alloiso_Isolithocholic.Acid_Day.7",0.1,0.0551523333333333,0.0516950000000001,0.00467778812482358,NA,NA,NA,"BA","Day 7"
"BMI",0.04,0.0361108333333334,0.0340166666666667,0.00629684420886693,NA,NA,NA,"BA","Day 7"
"Cholic.Acid_Day.7",0.05,0.059914,0.0634133333333333,0.00302008303785764,NA,NA,NA,"BA","Day 7"
"Deoxycholic.Acid_Day.7",0.01,0.234613333333334,0.234613333333334,NA,NA,NA,NA,"BA","Day 7"
"Glycodeoxycholic.Acid_Day.7",0.03,0.0334144444444444,0.0232866666666666,0.0164827915126468,NA,NA,NA,"BA","Day 7"
"Glycoursodeoxycholic.Acid_Day.7",0.24,0.0638443055555555,0.0592083333333333,0.00549815699423902,NA,NA,NA,"BA","Day 7"
"Lithocholic.Acid_Day.7",0.03,0.0351477777777778,0.0362633333333334,0.00212227806790978,NA,NA,NA,"BA","Day 7"
"Taurochenodeoxycholic.Acid_Day.7",0.07,0.0368209523809524,0.0329466666666667,0.00468338483360297,NA,NA,NA,"BA","Day 7"
"Taurocholic.Acid_Day.7",0.19,0.0534759649122807,0.0478433333333335,0.00386278191439667,NA,NA,NA,"BA","Day 7"
"Taurodeoxycholic.Acid_Day.7",0.02,0.00302,0.00302,0.000423333333333333,NA,NA,NA,"BA","Day 7"
"Taurolithocholic.Acid_Day.7",0.05,0.0256073333333334,0.02981,0.0105497445677346,NA,NA,NA,"BA","Day 7"
"Tauroursodeoxycholic.Acid_Day.7",0.08,0.0715412499999999,0.0773316666666665,0.0136172284073892,NA,NA,NA,"BA","Day 7"
"Ursodeoxycholic.Acid_Day.7",0.02,0.0556783333333334,0.0556783333333334,0.0137083333333333,NA,NA,NA,"BA","Day 7"
"n_pretreatment_events",0.63,0.085208253968254,0.0796399999999998,0.00589282613882933,NA,NA,NA,"BA","Day 7"
"n_washout_days",0.02,0.0188866666666666,0.0188866666666666,0.00209,NA,NA,NA,"BA","Day 7"
"total_abx_days_prescreen",0.64,0.109358020833333,0.10404,0.00639927891166491,NA,NA,NA,"BA","Day 7"
"treat.day.len.abx",0.05,0.0732673333333332,0.0674866666666666,0.00751734205391471,NA,NA,NA,"BA","Day 7"
"Abx.group",0.02,0.0190066666666667,0.0190066666666667,0.00345666666666666,NA,NA,NA,"Mic_Class","Day 7"
"Actinobacteria_Day.7",0.07,0.0911633333333333,0.0816966666666665,0.0193513778271607,NA,NA,NA,"Mic_Class","Day 7"
"Age",0.04,0.0523183333333333,0.05729,0.0080992348175386,NA,NA,NA,"Mic_Class","Day 7"
"BMI",0.05,0.0888206666666667,0.0774899999999998,0.0169821052025688,NA,NA,NA,"Mic_Class","Day 7"
"Bacteroidia_Day.7",0.01,0.0431000000000001,0.0431000000000001,NA,NA,NA,NA,"Mic_Class","Day 7"
"Clostridia_Day.7",0.03,0.0547855555555556,0.0511566666666667,0.0101478405535973,NA,NA,NA,"Mic_Class","Day 7"
"Erysipelotrichia_Day.7",0.03,0.0466677777777778,0.0438933333333334,0.00915186367042119,NA,NA,NA,"Mic_Class","Day 7"
"Gammaproteobacteria_Day.7",0.01,0.0301466666666667,0.0301466666666667,NA,NA,NA,NA,"Mic_Class","Day 7"
"Methanobacteria_Day.7",0.04,0.0133433333333333,0.01324,0.00290578955930448,NA,NA,NA,"Mic_Class","Day 7"
"Negativicutes_Day.7",0.02,0.0664783333333332,0.0664783333333332,0.0252349999999998,NA,NA,NA,"Mic_Class","Day 7"
"Saccharomycetes_Day.7",0.14,0.0635330952380952,0.0628066666666666,0.00781694485055482,NA,NA,NA,"Mic_Class","Day 7"
"n_pretreatment_events",0.56,0.102551726190476,0.0942299999999997,0.0101388193084615,NA,NA,NA,"Mic_Class","Day 7"
"n_washout_days",0.02,0.022375,0.022375,0.00823500000000002,NA,NA,NA,"Mic_Class","Day 7"
"total.recurrences",0.03,0.057931111111111,0.06092,0.0165816240697382,NA,NA,NA,"Mic_Class","Day 7"
"total_abx_days_prescreen",0.52,0.126100769230769,0.108228333333333,0.00921454197538418,NA,NA,NA,"Mic_Class","Day 7"
"treat.day.len.abx",0.04,0.0568891666666666,0.0430516666666667,0.0161049739484306,NA,NA,NA,"Mic_Class","Day 7"
"uncl_Class_of_Firmicutes_Day.7",0.01,0.0459966666666667,0.0459966666666667,NA,NA,NA,NA,"Mic_Class","Day 7"
"Acidaminococcales_Day.7",0.09,0.0606585185185186,0.0425300000000001,0.0206253099797965,NA,NA,NA,"Mic_Order","Day 7"
"Actinomycetales_Day.7",0.04,0.0699924999999998,0.0689933333333332,0.0138129130657189,NA,NA,NA,"Mic_Order","Day 7"
"Age",0.02,0.0727133333333332,0.0727133333333332,0.0147166666666665,NA,NA,NA,"Mic_Order","Day 7"
"BMI",0.06,0.0777105555555556,0.0727466666666666,0.0174259737050158,NA,NA,NA,"Mic_Order","Day 7"
"Bifidobacteriales_Day.7",0.11,0.0762033333333333,0.0619366666666667,0.0120994553596433,NA,NA,NA,"Mic_Order","Day 7"
"Clostridiales_Day.7",0.06,0.0711488888888887,0.0640833333333333,0.00808936827028812,NA,NA,NA,"Mic_Order","Day 7"
"Desulfovibrionales_Day.7",0.02,0.0358433333333334,0.0358433333333334,0.0114833333333334,NA,NA,NA,"Mic_Order","Day 7"
"Eggerthellales_Day.7",0.02,0.030005,0.030005,0.0103783333333334,NA,NA,NA,"Mic_Order","Day 7"
"Enterobacterales_Day.7",0.01,0.0250666666666667,0.0250666666666667,NA,NA,NA,NA,"Mic_Order","Day 7"
"Erysipelotrichales_Day.7",0.02,0.0543133333333333,0.0543133333333333,0.0163766666666666,NA,NA,NA,"Mic_Order","Day 7"
"Methanobacteriales_Day.7",0.01,0.02113,0.02113,NA,NA,NA,NA,"Mic_Order","Day 7"
"Propionibacteriales_Day.7",0.03,0.0363600000000001,0.0388800000000001,0.00856293758005982,NA,NA,NA,"Mic_Order","Day 7"
"Saccharomycetales_Day.7",0.1,0.0564739999999999,0.058775,0.00805677607305536,NA,NA,NA,"Mic_Order","Day 7"
"Streptomycetales_Day.7",0.09,0.0562429629629629,0.0381266666666667,0.0112770087100177,NA,NA,NA,"Mic_Order","Day 7"
"n_pretreatment_events",0.53,0.0795698742138365,0.0682599999999999,0.0085902302298629,NA,NA,NA,"Mic_Order","Day 7"
"n_washout_days",0.02,0.0258783333333333,0.0258783333333333,0.00907166666666667,NA,NA,NA,"Mic_Order","Day 7"
"total.recurrences",0.07,0.059785238095238,0.0723533333333332,0.0103460008084596,NA,NA,NA,"Mic_Order","Day 7"
"total_abx_days_prescreen",0.53,0.10714465408805,0.0840133333333331,0.00886088634756903,NA,NA,NA,"Mic_Order","Day 7"
"treat.day.len.abx",0.04,0.0578983333333333,0.0606316666666667,0.0090427307105599,NA,NA,NA,"Mic_Order","Day 7"
"uncl_Order_of_Firmicutes_Day.7",0.02,0.0262366666666667,0.0262366666666667,0.0101266666666667,NA,NA,NA,"Mic_Order","Day 7"
"Abx.group",0.01,0.00447,0.00447,NA,NA,NA,NA,"Mic_Genus","Day 7"
"Actinomyces_Day.7",0.03,0.0756288888888888,0.0750533333333332,0.0191086120136031,NA,NA,NA,"Mic_Genus","Day 7"
"Age",0.07,0.0404742857142857,0.0374666666666667,0.00541394000794938,NA,NA,NA,"Mic_Genus","Day 7"
"Anaerostipes_Day.7",0.02,0.0184316666666667,0.0184316666666667,0.00721833333333331,NA,NA,NA,"Mic_Genus","Day 7"
"Anaerotignum_Day.7",0.01,0.00635333333333333,0.00635333333333333,NA,NA,NA,NA,"Mic_Genus","Day 7"
"BMI",0.03,0.0521233333333333,0.0602566666666667,0.012545781200305,NA,NA,NA,"Mic_Genus","Day 7"
"Bacteroides_Day.7",0.02,0.0116433333333333,0.0116433333333333,0.00378,NA,NA,NA,"Mic_Genus","Day 7"
"Bifidobacterium_Day.7",0.1,0.0602346666666666,0.0518783333333334,0.00654420328172893,NA,NA,NA,"Mic_Genus","Day 7"
"Bilophila_Day.7",0.01,0.0448666666666668,0.0448666666666668,NA,NA,NA,NA,"Mic_Genus","Day 7"
"Citrobacter_Day.7",0.12,0.0496030555555555,0.0470550000000001,0.00499443194105803,NA,NA,NA,"Mic_Genus","Day 7"
"Clostridioides_Day.7",0.03,0.0571544444444444,0.0562266666666667,0.0159329616801533,NA,NA,NA,"Mic_Genus","Day 7"
"Clostridium_Day.7",0.03,0.0904444444444445,0.0873833333333331,0.0314902979963868,NA,NA,NA,"Mic_Genus","Day 7"
"Colibacter_Day.7",0.01,0.03155,0.03155,NA,NA,NA,NA,"Mic_Genus","Day 7"
"Coprobacillus_Day.7",0.05,0.0184426666666667,0.01592,0.00621859517897733,NA,NA,NA,"Mic_Genus","Day 7"
"Coprococcus_Day.7",0.01,0.0387166666666667,0.0387166666666667,NA,NA,NA,NA,"Mic_Genus","Day 7"
"Desulfovibrio_Day.7",0.01,0.0248066666666666,0.0248066666666666,NA,NA,NA,NA,"Mic_Genus","Day 7"
"Dialister_Day.7",0.01,0.0712699999999999,0.0712699999999999,NA,NA,NA,NA,"Mic_Genus","Day 7"
"Eisenbergiella_Day.7",0.01,0.00881666666666667,0.00881666666666667,NA,NA,NA,NA,"Mic_Genus","Day 7"
"Enterococcus_Day.7",0.01,0.03097,0.03097,NA,NA,NA,NA,"Mic_Genus","Day 7"
"Erysipelatoclostridium_Day.7",0.17,0.0618237254901961,0.0473666666666668,0.0105546589544136,NA,NA,NA,"Mic_Genus","Day 7"
"Fusobacterium_Day.7",0.01,0.0163766666666667,0.0163766666666667,NA,NA,NA,NA,"Mic_Genus","Day 7"
"Hungatella_Day.7",0.01,0.0506866666666668,0.0506866666666668,NA,NA,NA,NA,"Mic_Genus","Day 7"
"Lachnoclostridium_Day.7",0.18,0.0631572222222223,0.057605,0.00928297070533972,NA,NA,NA,"Mic_Genus","Day 7"
"Lactobacillus_Day.7",0.02,0.037105,0.037105,0.00228166666666668,NA,NA,NA,"Mic_Genus","Day 7"
"Methanobrevibacter_Day.7",0.01,0.0168133333333333,0.0168133333333333,NA,NA,NA,NA,"Mic_Genus","Day 7"
"Pediococcus_Day.7",0.03,0.0164144444444444,0.0131333333333333,0.00431096634923046,NA,NA,NA,"Mic_Genus","Day 7"
"Phascolarctobacterium_Day.7",0.04,0.0320841666666667,0.0326533333333333,0.00650415527794578,NA,NA,NA,"Mic_Genus","Day 7"
"Prevotella_Day.7",0.01,0.0181866666666667,0.0181866666666667,NA,NA,NA,NA,"Mic_Genus","Day 7"
"Propionibacterium_Day.7",0.01,0.0116733333333333,0.0116733333333333,NA,NA,NA,NA,"Mic_Genus","Day 7"
"Raoultella_Day.7",0.01,0.0212633333333333,0.0212633333333333,NA,NA,NA,NA,"Mic_Genus","Day 7"
"Romboutsia_Day.7",0.04,0.0436475000000001,0.0417166666666667,0.0031308957347462,NA,NA,NA,"Mic_Genus","Day 7"
"Rothia_Day.7",0.05,0.0406933333333333,0.03328,0.0121043251682106,NA,NA,NA,"Mic_Genus","Day 7"
"Ruminococcus_Day.7",0.01,0.0194066666666666,0.0194066666666666,NA,NA,NA,NA,"Mic_Genus","Day 7"
"Saccharomyces_Day.7",0.12,0.0413416666666666,0.034265,0.00618226032101265,NA,NA,NA,"Mic_Genus","Day 7"
"Shigella_Day.7",0.01,0.01352,0.01352,NA,NA,NA,NA,"Mic_Genus","Day 7"
"Streptomyces_Day.7",0.05,0.050654,0.0524500000000001,0.00726309311213586,NA,NA,NA,"Mic_Genus","Day 7"
"Sutterella_Day.7",0.01,0.01778,0.01778,NA,NA,NA,NA,"Mic_Genus","Day 7"
"Terrisporobacter_Day.7",0.01,0.0115566666666667,0.0115566666666667,NA,NA,NA,NA,"Mic_Genus","Day 7"
"Turicibacter_Day.7",0.01,0.0519500000000001,0.0519500000000001,NA,NA,NA,NA,"Mic_Genus","Day 7"
"Veillonella_Day.7",0.07,0.0561057142857143,0.0606333333333333,0.00867230346954461,NA,NA,NA,"Mic_Genus","Day 7"
"n_pretreatment_events",0.49,0.0568559183673469,0.0395633333333334,0.00664279222124026,NA,NA,NA,"Mic_Genus","Day 7"
"total.recurrences",0.03,0.0203422222222222,0.0207466666666666,0.00137176060611676,NA,NA,NA,"Mic_Genus","Day 7"
"total_abx_days_prescreen",0.5,0.0884476666666667,0.0838166666666664,0.00648506274207951,NA,NA,NA,"Mic_Genus","Day 7"
"treat.day.len.abx",0.01,0.0743566666666666,0.0743566666666666,NA,NA,NA,NA,"Mic_Genus","Day 7"
"Absiella.sp..MP634G1_ig1_Day.7",0.02,0.023235,0.023235,0.00359166666666666,"MP634G1_ig1","Longicatena innocuum","[Clostridium] innocuum_MP634G1_ig1","Mic_Species","Day 7"
"Age",0.04,0.04569,0.0431200000000001,0.0084899076250264,NA,NA,NA,"Mic_Species","Day 7"
"Anaeroglobus.geminatus_Day.7",0.01,0.0304,0.0304,NA,NA,NA,NA,"Mic_Species","Day 7"
"Anaerostipes.caccae_Day.7",0.01,0.0463100000000001,0.0463100000000001,NA,NA,NA,NA,"Mic_Species","Day 7"
"BMI",0.03,0.0335611111111111,0.0316333333333333,0.00732006940195127,NA,NA,NA,"Mic_Species","Day 7"
"Bifidobacterium.breve_Day.7",0.02,0.0255183333333333,0.0255183333333333,0.007655,NA,NA,NA,"Mic_Species","Day 7"
"Bifidobacterium.dentium_Day.7",0.04,0.0501333333333333,0.0437083333333334,0.00972586937940171,NA,NA,NA,"Mic_Species","Day 7"
"Bifidobacterium.longum_Day.7",0.08,0.0304525,0.0274266666666667,0.00595935554834473,NA,NA,NA,"Mic_Species","Day 7"
"Blautia.coccoides_Day.7",0.01,0.0326466666666667,0.0326466666666667,NA,NA,NA,NA,"Mic_Species","Day 7"
"Blautia.marasmi_Day.7",0.03,0.0149277777777778,0.0132333333333333,0.00252777777777777,NA,NA,NA,"Mic_Species","Day 7"
"Blautia.producta_Day.7",0.08,0.0230675,0.0199166666666667,0.00338363725763709,NA,NA,NA,"Mic_Species","Day 7"
"Blautia.sp..HF21_ig1_Day.7",0.02,0.0294566666666667,0.0294566666666667,0.0106766666666667,"HF21_ig1","Blautia sp001304935","Clostridia bacterium UC5.1-1D4_HF21_ig1","Mic_Species","Day 7"
"Blautia.sp..MP87F8_2_Day.7",0.01,0.0357866666666667,0.0357866666666667,NA,"MP87F8_2","Blautia coccoides","Blautia coccoides_MP87F8_2","Mic_Species","Day 7"
"Citrobacter.amalonaticus_Day.7",0.03,0.0388822222222222,0.0358933333333334,0.0156407715464391,NA,NA,NA,"Mic_Species","Day 7"
"Citrobacter.braakii_Day.7",0.06,0.0348044444444445,0.03638,0.00705621279528515,NA,NA,NA,"Mic_Species","Day 7"
"Citrobacter.freundii_Day.7",0.03,0.0346377777777778,0.03495,0.00137432856782711,NA,NA,NA,"Mic_Species","Day 7"
"Clostridioides.difficile_Day.7",0.01,0.0303566666666667,0.0303566666666667,NA,NA,NA,NA,"Mic_Species","Day 7"
"Clostridium.butyricum_Day.7",0.07,0.03199,0.03183,0.00422021163490486,NA,NA,NA,"Mic_Species","Day 7"
"Clostridium.clostridioforme.CAG.511_Day.7",0.02,0.02366,0.02366,0.00916999999999998,NA,NA,NA,"Mic_Species","Day 7"
"Dialister.invisus.CAG.218_Day.7",0.01,0.03609,0.03609,NA,NA,NA,NA,"Mic_Species","Day 7"
"Dialister.invisus_Day.7",0.01,0.0438466666666667,0.0438466666666667,NA,NA,NA,NA,"Mic_Species","Day 7"
"Enterobacter.roggenkampii_Day.7",0.01,0.0419233333333334,0.0419233333333334,NA,NA,NA,NA,"Mic_Species","Day 7"
"Enterococcus.faecium_Day.7",0.02,0.0592033333333334,0.0592033333333334,0.00356,NA,NA,NA,"Mic_Species","Day 7"
"Erysipelatoclostridium.sp..MP95D5_Day.7",0.03,0.0200022222222222,0.0186233333333333,0.00512820101780461,"MP95D5","Erysipelatoclostridium ramosum","Erysipelatoclostridium ramosum_MP95D5","Mic_Species","Day 7"
"Fusobacterium.nucleatum_Day.7",0.02,0.0378033333333334,0.0378033333333334,0.0157166666666667,NA,NA,NA,"Mic_Species","Day 7"
"Hungatella.sp..MP355B12_Day.7",0.01,0.0203933333333333,0.0203933333333333,NA,"MP355B12","Hungatella effluvii","Hungatella effluvii_MP355B12","Mic_Species","Day 7"
"Hungatella.sp..MP558G09_Day.7",0.02,0.014735,0.014735,0.003245,"MP558G09","Hungatella sp005845265","Clostridium sp. 1001175st1 A10_MP558G09","Mic_Species","Day 7"
"Klebsiella.grimontii_Day.7",0.04,0.0396641666666666,0.0270133333333333,0.0163835949100289,NA,NA,NA,"Mic_Species","Day 7"
"Klebsiella.oxytoca_Day.7",0.01,0.0622666666666666,0.0622666666666666,NA,NA,NA,NA,"Mic_Species","Day 7"
"Klebsiella.pneumoniae_Day.7",0.03,0.0686577777777777,0.0692766666666665,0.0111346516739964,NA,NA,NA,"Mic_Species","Day 7"
"Lachnoclostridium.sp..MP625H6_ig1_Day.7",0.02,0.02317,0.02317,0.00923333333333334,"MP625H6_ig1","Enterocloster clostridioformis","[Clostridium] clostridioforme_MP625H6_ig1","Mic_Species","Day 7"
"Lachnospiraceae.bacterium.7_1_58FAA_Day.7",0.26,0.0405110256410256,0.0354183333333333,0.0045407477782049,NA,NA,NA,"Mic_Species","Day 7"
"Lactobacillus.animalis_Day.7",0.02,0.0551300000000001,0.0551300000000001,0.00420333333333327,NA,NA,NA,"Mic_Species","Day 7"
"Lactobacillus.fermentum_Day.7",0.01,0.0433366666666667,0.0433366666666667,NA,NA,NA,NA,"Mic_Species","Day 7"
"Lactobacillus.gasseri_Day.7",0.02,0.0299,0.0299,0.000200000000000001,NA,NA,NA,"Mic_Species","Day 7"
"Lactobacillus.paragasseri_Day.7",0.01,0.02762,0.02762,NA,NA,NA,NA,"Mic_Species","Day 7"
"Parabacteroides.distasonis_Day.7",0.01,0.0231933333333333,0.0231933333333333,NA,NA,NA,NA,"Mic_Species","Day 7"
"Pediococcus.acidilactici_Day.7",0.03,0.0278622222222222,0.0319633333333333,0.00817024418995277,NA,NA,NA,"Mic_Species","Day 7"
"Proteus.mirabilis_Day.7",0.03,0.042811111111111,0.0294766666666667,0.0205500383286416,NA,NA,NA,"Mic_Species","Day 7"
"Raoultella.ornithinolytica_Day.7",0.01,0.0563733333333334,0.0563733333333334,NA,NA,NA,NA,"Mic_Species","Day 7"
"Rothia.mucilaginosa_Day.7",0.06,0.0343705555555556,0.0301266666666667,0.0076071808384343,NA,NA,NA,"Mic_Species","Day 7"
"Saccharomyces.cerevisiae_Day.7",0.1,0.0366836666666667,0.0381866666666667,0.00357104592521576,NA,NA,NA,"Mic_Species","Day 7"
"Streptococcus.sp..MP596A02_Day.7",0.01,0.0270766666666666,0.0270766666666666,NA,"MP596A02","Streptococcus salivarius","Streptococcus salivarius_MP596A02","Mic_Species","Day 7"
"Streptococcus.thermophilus_Day.7",0.05,0.0293326666666666,0.0216366666666666,0.00918235647557011,NA,NA,NA,"Mic_Species","Day 7"
"Sutterella.wadsworthensis.CAG.135_Day.7",0.01,0.0178733333333333,0.0178733333333333,NA,NA,NA,NA,"Mic_Species","Day 7"
"Sutterella.wadsworthensis_Day.7",0.01,0.0414366666666667,0.0414366666666667,NA,NA,NA,NA,"Mic_Species","Day 7"
"Veillonella.atypica_Day.7",0.01,0.0343566666666667,0.0343566666666667,NA,NA,NA,NA,"Mic_Species","Day 7"
"Veillonella.parvula_Day.7",0.22,0.0570125757575757,0.0582083333333333,0.00484536430660025,NA,NA,NA,"Mic_Species","Day 7"
"X.Clostridium..aldenense_Day.7",0.32,0.0350761458333333,0.0316416666666667,0.00306654533533564,NA,NA,NA,"Mic_Species","Day 7"
"X.Clostridium..citroniae_Day.7",0.06,0.0192611111111111,0.0184316666666667,0.00306100294223081,NA,NA,NA,"Mic_Species","Day 7"
"X.Clostridium..clostridioforme_Day.7",0.59,0.0465421468926553,0.0413900000000001,0.00330333477408343,NA,NA,NA,"Mic_Species","Day 7"
"X.Clostridium..cocleatum_Day.7",0.01,0.0136966666666667,0.0136966666666667,NA,NA,NA,NA,"Mic_Species","Day 7"
"X.Clostridium..sp..MP41B3_Day.7",0.02,0.0172416666666667,0.0172416666666667,0.00461166666666666,"MP41B3","Enterocloster citroniae","[Clostridium] citroniae_MP41B3","Mic_Species","Day 7"
"n_pretreatment_events",0.48,0.0433682638888889,0.0364683333333334,0.00369346137046137,NA,NA,NA,"Mic_Species","Day 7"
"total.recurrences",0.03,0.0215433333333333,0.0247066666666666,0.00383175474742896,NA,NA,NA,"Mic_Species","Day 7"
"total_abx_days_prescreen",0.52,0.0645754487179486,0.0612933333333333,0.0033786035353,NA,NA,NA,"Mic_Species","Day 7"
"treat.day.len.abx",0.03,0.0505655555555555,0.0311066666666667,0.0210074690715022,NA,NA,NA,"Mic_Species","Day 7"
